<?xml version="1.0" encoding="UTF-8" standalone="no"?><configuration development_version="8" major_version="5" minor_version="2">
 <serviceDisable>false</serviceDisable>
 <fipsMode>false</fipsMode>
 <networkPolicy>
  <allowedAssociationModes>
   <openNoEncryption/>
   <sharedStaticWep/>
   <wpaPersonalTkip/>
   <open1xDynamicWep/>
   <cckmEnterpriseTkip/>
   <wpa2PersonalAes/>
   <wpa3PersonalAes/>
   <wpa3Open/>
   <wpa2EnterpriseTkip/>
   <wpaEnterpriseAes/>
   <wpaEnterpriseTkip/>
   <wpaPersonalAes/>
   <wpa2PersonalTkip/>
   <wpa2EnterpriseAes/>
   <wpa3EnterpriseAes/>
   <wpa3EnterpriseGcmp256/>
   <openStaticWep/>
   <cckmEnterpriseAes/>
  </allowedAssociationModes>
  <allowedWiredSecurityModes>
   <openNoEncryption/>
   <dot1xOnly/>
   <dot1xMacSec>
    <macsecCipher>
     <aesGcm128/>
     <aesGcm256/>
    </macsecCipher>
   </dot1xMacSec>
  </allowedWiredSecurityModes>
  <allowedEapMethods>
   <leap/>
   <eapFast>
    <allowedTunneledMethods>
     <eapTls/>
     <eapMschapv2/>
     <eapGtc/>
    </allowedTunneledMethods>
   </eapFast>
   <eapPeap>
    <allowedTunneledMethods>
     <eapTls/>
     <eapMschapv2/>
     <eapGtc/>
    </allowedTunneledMethods>
   </eapPeap>
   <eapTls/>
   <eapTtls>
    <allowedTunneledMethods>
     <eapMschapv2/>
     <pap/>
    </allowedTunneledMethods>
   </eapTtls>
  </allowedEapMethods>
 </networkPolicy>
 <networks>
  <globalNetworks>
   <wiredNetwork>
    <displayName>wired</displayName>
    <connectionTimeout>30</connectionTimeout>
    <authenticationNetwork>
     <machineUserAuthentication>
      <machine>
       <eapFast>
        <validateServerCertificate>
         <anyServerName/>
         <validateChainWithAnyCaFromOs/>
        </validateServerCertificate>
        <unprotectedIdentityPattern encryptContent="true"><EncryptedData xmlns="http://www.w3.org/2001/04/xmlenc#" Type="http://www.w3.org/2001/04/xmlenc#Content">
<CipherData>
<CipherValue>RrEg3GVmi9RBvsqxepjjl9DQTCdfkc3os+jQ7N5gLiM=</CipherValue>
</CipherData>
</EncryptedData></unprotectedIdentityPattern>
        <enableFastReconnect/>
        <usePac>
         <validateWithSpecificPacs/>
        </usePac>
        <authMethods>
         <builtinMethods>
          <authenticateWithPassword>
           <protectedIdentityPattern encryptContent="true"><EncryptedData xmlns="http://www.w3.org/2001/04/xmlenc#" Type="http://www.w3.org/2001/04/xmlenc#Content">
<CipherData>
<CipherValue>3IvSMceDKlc8e1R4H9y7esdGRebBuJjseMPp9+O3ynY=</CipherValue>
</CipherData>
</EncryptedData></protectedIdentityPattern>
           <passwordSource>
            <passwordFromMachine/>
           </passwordSource>
           <methods>
            <eapMschapv2/>
            <eapGtc/>
           </methods>
          </authenticateWithPassword>
         </builtinMethods>
        </authMethods>
       </eapFast>
      </machine>
      <user>
       <authenticationMethod>
        <eapFast>
         <validateServerCertificate>
          <anyServerName/>
          <validateChainWithAnyCaFromOs/>
         </validateServerCertificate>
         <unprotectedIdentityPattern encryptContent="true"><EncryptedData xmlns="http://www.w3.org/2001/04/xmlenc#" Type="http://www.w3.org/2001/04/xmlenc#Content">
<CipherData>
<CipherValue>LoG9xQjx59tavc0V1oY0x7Hv+h39WsEnkBc/OnsHmng=</CipherValue>
</CipherData>
</EncryptedData></unprotectedIdentityPattern>
         <enableFastReconnect>
          <alwaysAttempt/>
         </enableFastReconnect>
         <usePac>
          <validateWithSpecificPacs/>
         </usePac>
         <authMethods>
          <builtinMethods>
           <authenticateWithPassword>
            <protectedIdentityPattern encryptContent="true"><EncryptedData xmlns="http://www.w3.org/2001/04/xmlenc#" Type="http://www.w3.org/2001/04/xmlenc#Content">
<CipherData>
<CipherValue>+QbcoY8tOW1La/7DdWWnoLKYl/+AAxgSfRZpxW4ln1o=</CipherValue>
</CipherData>
</EncryptedData></protectedIdentityPattern>
            <passwordSource>
             <passwordFromLogon/>
            </passwordSource>
            <methods>
             <eapMschapv2/>
             <eapGtc/>
            </methods>
           </authenticateWithPassword>
          </builtinMethods>
         </authMethods>
        </eapFast>
       </authenticationMethod>
       <collectionBehavior/>
      </user>
     </machineUserAuthentication>
     <setting802.1x>
      <authPeriod>30</authPeriod>
      <heldPeriod>60</heldPeriod>
      <startPeriod>3</startPeriod>
      <maxStart>2</maxStart>
      <portExceptions>
       <unAuthenticatedAllowed>
        <authenticationFailed>
         <unSecureAllowed>
          <none/>
         </unSecureAllowed>
        </authenticationFailed>
       </unAuthenticatedAllowed>
      </portExceptions>
     </setting802.1x>
    </authenticationNetwork>
   </wiredNetwork>
  </globalNetworks>
  <group>
   <groupName>Local networks</groupName>
   <allowUserToSeeScanlist>true</allowUserToSeeScanlist>
   <allowUserToCreateNetworks>true</allowUserToCreateNetworks>
  </group>
 </networks>
 <connectionSettings>
  <connectionBehaviorAtLogon>
   <attemptConnectionAfterUserLogon/>
  </connectionBehaviorAtLogon>
  <validateWpaHandshake>true</validateWpaHandshake>
  <defaultConnectionTimeout>40</defaultConnectionTimeout>
  <defaultAssociationTimeout>5</defaultAssociationTimeout>
  <enableCaptivePortalDetection>false</enableCaptivePortalDetection>
  <enableRandomMacAddress>false</enableRandomMacAddress>
 </connectionSettings>
 <userControlPolicy>
  <allowedMedia>
   <wired/>
   <wifi/>
  </allowedMedia>
  <allowRunScriptAfterConnect>false</allowRunScriptAfterConnect>
  <allowUserToCreateGroups>true</allowUserToCreateGroups>
  <enforceManualConnection>false</enforceManualConnection>
  <allowUserToDisableClient>true</allowUserToDisableClient>
  <allowUserDefinedMachConn>true</allowUserDefinedMachConn>
  <enableMachineConnByDefault>true</enableMachineConnByDefault>
 </userControlPolicy>
<Signature xmlns="http://www.w3.org/2000/09/xmldsig#"><SignedInfo><CanonicalizationMethod Algorithm="http://www.w3.org/TR/2001/REC-xml-c14n-20010315#WithComments"/><SignatureMethod Algorithm="http://www.w3.org/2000/09/xmldsig#rsa-sha1"/><Reference URI=""><Transforms><Transform Algorithm="http://www.w3.org/2000/09/xmldsig#enveloped-signature"/></Transforms><DigestMethod Algorithm="http://www.w3.org/2000/09/xmldsig#sha1"/><DigestValue>Z371IAY4n6iSkxwLnWFSvdU2B3M=</DigestValue></Reference></SignedInfo><SignatureValue>gQASmAY5gxlv4hnCUVdjjYJvzO0mI5RzwjrCFJtssMq/qiX0+xTvE194rNjSHP/pCRRBk4wNzdel
ynziRZsssMyGNUjYQ35NDdJE02516pxEoqyFkkjXLfnhMT9jvCF/rQuXKngU1M4bwkYfihGi8rMb
NwiKxmzYQaszfMDBr7c=</SignatureValue></Signature></configuration>